{
	"class_name" : "PinholeCameraParameters",
	"extrinsic" : 
	[
		0.98978882389457723,
		-0.07690047265100533,
		0.12001833776320021,
		0.0,
		0.02556346657995149,
		0.92410291167681879,
		0.381287710012848,
		0.0,
		-0.14023050049759267,
		-0.37432622929268211,
		0.91663257676874921,
		0.0,
		0.19203145594741,
		0.32407014723456695,
		0.029036263028148546,
		1.0
	],
	"intrinsic" : 
	{
		"height" : 298,
		"intrinsic_matrix" : 
		[
			258.0755703277627,
			0.0,
			0.0,
			0.0,
			258.0755703277627,
			0.0,
			257.5,
			148.5,
			1.0
		],
		"width" : 516
	},
	"version_major" : 1,
	"version_minor" : 0
}